x1,x2,label,tags,url
0.7557711626686519,-0.03616410678595892,0,"['Crop', 'Top', 'top', 'black', '']",//image.musinsa.com/mfile_s01/_street_images/42357/280.street_img_view15ab4c69b7e578.jpg?20180330183107
-0.021411822423598566,0.24061761509232388,2,"['Denim', 'shorts', 'pants', 'Denim', '']",//image.musinsa.com/mfile_s01/_street_images/45702/280.street_img_view15b584c221e5da.jpg?20180801140421
-0.4288029030349718,-0.08662976660134385,1,"['down', 'outer', 'black', 'Street', 'hip hop']",//image.musinsa.com/mfile_s01/_street_images/40064/280.street_img_view15a58793b55843.jpg?20180117093309
0.30701712850054563,-0.011897040814371972,2,"['Track', 'pants', 'pants', 'blue', '', 'Street', ['hip', 'hop'], 'hip hop']",//image.musinsa.com/mfile_s01/_street_images/40064/280.street_img_view25a587946cf62c.jpg?20180117093309
-0.30172859866563156,-0.153098138379734,1,"['black', 'outer', 'black', 'Street', 'hip hop']",//image.musinsa.com/mfile_s01/_street_images/41568/280.street_img_view15aa11ef806a0c.jpg?20180314130726
-0.3375624450789617,0.061607227812921155,1,"['Bra', 'Top', 'Dimecress', 'top', 'grey', 'Street', 'hip hop']",//image.musinsa.com/mfile_s01/_street_images/45030/280.street_img_view15b27190f10e21.jpg?20180618113033
0.7808743679187091,-0.0563888665409794,0,"['Crop', 'Top', 'top', 'black', '']",//image.musinsa.com/mfile_s01/_street_images/42357/280.street_img_view15ab4c69b7e578.jpg?20180330183107
-0.041717372994725936,0.22594327849294252,2,"['Denim', 'shorts', 'pants', 'Denim', '']",//image.musinsa.com/mfile_s01/_street_images/45702/280.street_img_view15b584c221e5da.jpg?20180801140421
-0.3786943761457529,-0.10833546055425454,1,"['down', 'outer', 'black', 'Street', 'hip hop']",//image.musinsa.com/mfile_s01/_street_images/40064/280.street_img_view15a58793b55843.jpg?20180117093309
0.31706544745772347,-0.0016199891513783062,2,"['Track', 'pants', 'pants', 'blue', '', 'Street', ['hip', 'hop'], 'hip hop']",//image.musinsa.com/mfile_s01/_street_images/40064/280.street_img_view25a587946cf62c.jpg?20180117093309
-0.34046560246989066,-0.1000311161758875,1,"['black', 'outer', 'black', 'Street', 'hip hop']",//image.musinsa.com/mfile_s01/_street_images/41568/280.street_img_view15aa11ef806a0c.jpg?20180314130726
-0.3556465508983337,0.08292587917609968,1,"['Bra', 'Top', 'Dimecress', 'top', 'grey', 'Street', 'hip hop']",//image.musinsa.com/mfile_s01/_street_images/45030/280.street_img_view15b27190f10e21.jpg?20180618113033
0.8149811610997872,-0.13072449825392826,0,"['Crop', 'Top', 'top', 'black', '']",//image.musinsa.com/mfile_s01/_street_images/42357/280.street_img_view15ab4c69b7e578.jpg?20180330183107
0.0038938265802806126,0.23429868802704548,2,"['Denim', 'shorts', 'pants', 'Denim', '']",//image.musinsa.com/mfile_s01/_street_images/45702/280.street_img_view15b584c221e5da.jpg?20180801140421
-0.3915030197812633,-0.06058848222721229,1,"['down', 'outer', 'black', 'Street', 'hip hop']",//image.musinsa.com/mfile_s01/_street_images/40064/280.street_img_view15a58793b55843.jpg?20180117093309
0.35974273556315034,0.009262005310970546,2,"['Track', 'pants', 'pants', 'blue', '', 'Street', ['hip', 'hop'], 'hip hop']",//image.musinsa.com/mfile_s01/_street_images/40064/280.street_img_view25a587946cf62c.jpg?20180117093309
-0.32188977668574265,-0.10780880208456645,1,"['black', 'outer', 'black', 'Street', 'hip hop']",//image.musinsa.com/mfile_s01/_street_images/41568/280.street_img_view15aa11ef806a0c.jpg?20180314130726
-0.34842234908300074,0.03589778929477725,1,"['Bra', 'Top', 'Dimecress', 'top', 'grey', 'Street', 'hip hop']",//image.musinsa.com/mfile_s01/_street_images/45030/280.street_img_view15b27190f10e21.jpg?20180618113033
0.727969284000091,-0.06803903365525298,0,"['Crop', 'Top', 'top', 'black', '']",//image.musinsa.com/mfile_s01/_street_images/42357/280.street_img_view15ab4c69b7e578.jpg?20180330183107
-0.0017858219030956115,0.17223789483607194,2,"['Denim', 'shorts', 'pants', 'Denim', '']",//image.musinsa.com/mfile_s01/_street_images/45702/280.street_img_view15b584c221e5da.jpg?20180801140421
-0.3745965325981888,-0.04227914507952189,1,"['down', 'outer', 'black', 'Street', 'hip hop']",//image.musinsa.com/mfile_s01/_street_images/40064/280.street_img_view15a58793b55843.jpg?20180117093309
0.3109540405575398,0.01671346741551904,2,"['Track', 'pants', 'pants', 'blue', '', 'Street', ['hip', 'hop'], 'hip hop']",//image.musinsa.com/mfile_s01/_street_images/40064/280.street_img_view25a587946cf62c.jpg?20180117093309
-0.31380921421027547,-0.1427905244543896,1,"['black', 'outer', 'black', 'Street', 'hip hop']",//image.musinsa.com/mfile_s01/_street_images/41568/280.street_img_view15aa11ef806a0c.jpg?20180314130726
-0.34669802974377767,0.07271041348989876,1,"['Bra', 'Top', 'Dimecress', 'top', 'grey', 'Street', 'hip hop']",//image.musinsa.com/mfile_s01/_street_images/45030/280.street_img_view15b27190f10e21.jpg?20180618113033
0.7618359691468758,-0.09071144769632061,0,"['Crop', 'Top', 'top', 'black', '']",//image.musinsa.com/mfile_s01/_street_images/42357/280.street_img_view15ab4c69b7e578.jpg?20180330183107
-0.07174356672630954,0.19122280822166576,2,"['Denim', 'shorts', 'pants', 'Denim', '']",//image.musinsa.com/mfile_s01/_street_images/45702/280.street_img_view15b584c221e5da.jpg?20180801140421
-0.4236931159819668,-0.09739532639973227,1,"['down', 'outer', 'black', 'Street', 'hip hop']",//image.musinsa.com/mfile_s01/_street_images/40064/280.street_img_view15a58793b55843.jpg?20180117093309
0.3422945822783394,-0.006997285262158592,2,"['Track', 'pants', 'pants', 'blue', '', 'Street', ['hip', 'hop'], 'hip hop']",//image.musinsa.com/mfile_s01/_street_images/40064/280.street_img_view25a587946cf62c.jpg?20180117093309
-0.3838249091448248,-0.16931670871001536,1,"['black', 'outer', 'black', 'Street', 'hip hop']",//image.musinsa.com/mfile_s01/_street_images/41568/280.street_img_view15aa11ef806a0c.jpg?20180314130726
-0.32324012581757017,0.0238978412613043,1,"['Bra', 'Top', 'Dimecress', 'top', 'grey', 'Street', 'hip hop']",//image.musinsa.com/mfile_s01/_street_images/45030/280.street_img_view15b27190f10e21.jpg?20180618113033
0.7498795288143952,-0.13310934511138492,0,"['Crop', 'Top', 'top', 'black', '']",//image.musinsa.com/mfile_s01/_street_images/42357/280.street_img_view15ab4c69b7e578.jpg?20180330183107
0.0015415751005955188,0.2571164176076735,2,"['Denim', 'shorts', 'pants', 'Denim', '']",//image.musinsa.com/mfile_s01/_street_images/45702/280.street_img_view15b584c221e5da.jpg?20180801140421
-0.43885611011795794,-0.09769465976850415,1,"['down', 'outer', 'black', 'Street', 'hip hop']",//image.musinsa.com/mfile_s01/_street_images/40064/280.street_img_view15a58793b55843.jpg?20180117093309
0.3361628767855578,-0.021266692326157598,2,"['Track', 'pants', 'pants', 'blue', '', 'Street', ['hip', 'hop'], 'hip hop']",//image.musinsa.com/mfile_s01/_street_images/40064/280.street_img_view25a587946cf62c.jpg?20180117093309
-0.3462796521287358,-0.06860358367775408,1,"['black', 'outer', 'black', 'Street', 'hip hop']",//image.musinsa.com/mfile_s01/_street_images/41568/280.street_img_view15aa11ef806a0c.jpg?20180314130726
-0.4137108681480391,0.04508161889104886,1,"['Bra', 'Top', 'Dimecress', 'top', 'grey', 'Street', 'hip hop']",//image.musinsa.com/mfile_s01/_street_images/45030/280.street_img_view15b27190f10e21.jpg?20180618113033
0.7418114046632505,-0.07983826982586915,0,"['Crop', 'Top', 'top', 'black', '']",//image.musinsa.com/mfile_s01/_street_images/42357/280.street_img_view15ab4c69b7e578.jpg?20180330183107
0.04476481476418867,0.2099339018597201,2,"['Denim', 'shorts', 'pants', 'Denim', '']",//image.musinsa.com/mfile_s01/_street_images/45702/280.street_img_view15b584c221e5da.jpg?20180801140421
-0.42000621587822723,-0.066422625979549,1,"['down', 'outer', 'black', 'Street', 'hip hop']",//image.musinsa.com/mfile_s01/_street_images/40064/280.street_img_view15a58793b55843.jpg?20180117093309
0.31839070592866375,0.020779795120218592,2,"['Track', 'pants', 'pants', 'blue', '', 'Street', ['hip', 'hop'], 'hip hop']",//image.musinsa.com/mfile_s01/_street_images/40064/280.street_img_view25a587946cf62c.jpg?20180117093309
-0.29703064887023667,-0.1361577753684368,1,"['black', 'outer', 'black', 'Street', 'hip hop']",//image.musinsa.com/mfile_s01/_street_images/41568/280.street_img_view15aa11ef806a0c.jpg?20180314130726
-0.34386954543377324,0.01924695301450127,1,"['Bra', 'Top', 'Dimecress', 'top', 'grey', 'Street', 'hip hop']",//image.musinsa.com/mfile_s01/_street_images/45030/280.street_img_view15b27190f10e21.jpg?20180618113033
0.78398457399274,-0.04246721154587798,0,"['Crop', 'Top', 'top', 'black', '']",//image.musinsa.com/mfile_s01/_street_images/42357/280.street_img_view15ab4c69b7e578.jpg?20180330183107
0.01724657736311316,0.28786006590118396,2,"['Denim', 'shorts', 'pants', 'Denim', '']",//image.musinsa.com/mfile_s01/_street_images/45702/280.street_img_view15b584c221e5da.jpg?20180801140421
-0.4375065527111838,-0.1001321785596856,1,"['down', 'outer', 'black', 'Street', 'hip hop']",//image.musinsa.com/mfile_s01/_street_images/40064/280.street_img_view15a58793b55843.jpg?20180117093309
0.34076301485092014,-0.018714753262136334,2,"['Track', 'pants', 'pants', 'blue', '', 'Street', ['hip', 'hop'], 'hip hop']",//image.musinsa.com/mfile_s01/_street_images/40064/280.street_img_view25a587946cf62c.jpg?20180117093309
-0.30939453060863936,-0.11662830231172124,1,"['black', 'outer', 'black', 'Street', 'hip hop']",//image.musinsa.com/mfile_s01/_street_images/41568/280.street_img_view15aa11ef806a0c.jpg?20180314130726
-0.34262935440495235,0.04249141360537674,1,"['Bra', 'Top', 'Dimecress', 'top', 'grey', 'Street', 'hip hop']",//image.musinsa.com/mfile_s01/_street_images/45030/280.street_img_view15b27190f10e21.jpg?20180618113033
0.7932787541747788,-0.024628167671370185,0,"['Crop', 'Top', 'top', 'black', '']",//image.musinsa.com/mfile_s01/_street_images/42357/280.street_img_view15ab4c69b7e578.jpg?20180330183107
0.020712392311651805,0.2386844946062243,2,"['Denim', 'shorts', 'pants', 'Denim', '']",//image.musinsa.com/mfile_s01/_street_images/45702/280.street_img_view15b584c221e5da.jpg?20180801140421
-0.45550367859433805,-0.06871894166082279,1,"['down', 'outer', 'black', 'Street', 'hip hop']",//image.musinsa.com/mfile_s01/_street_images/40064/280.street_img_view15a58793b55843.jpg?20180117093309
0.3099865566193827,0.04045101544158792,2,"['Track', 'pants', 'pants', 'blue', '', 'Street', ['hip', 'hop'], 'hip hop']",//image.musinsa.com/mfile_s01/_street_images/40064/280.street_img_view25a587946cf62c.jpg?20180117093309
-0.34542176098263977,-0.14433187104357495,1,"['black', 'outer', 'black', 'Street', 'hip hop']",//image.musinsa.com/mfile_s01/_street_images/41568/280.street_img_view15aa11ef806a0c.jpg?20180314130726
-0.29362191390673636,0.05272652672667817,1,"['Bra', 'Top', 'Dimecress', 'top', 'grey', 'Street', 'hip hop']",//image.musinsa.com/mfile_s01/_street_images/45030/280.street_img_view15b27190f10e21.jpg?20180618113033
0.7374267791841908,-0.000735786763109467,0,"['Crop', 'Top', 'top', 'black', '']",//image.musinsa.com/mfile_s01/_street_images/42357/280.street_img_view15ab4c69b7e578.jpg?20180330183107
-0.0008205181439273987,0.19776934158963655,2,"['Denim', 'shorts', 'pants', 'Denim', '']",//image.musinsa.com/mfile_s01/_street_images/45702/280.street_img_view15b584c221e5da.jpg?20180801140421
-0.465612800341676,-0.06593455457351595,1,"['down', 'outer', 'black', 'Street', 'hip hop']",//image.musinsa.com/mfile_s01/_street_images/40064/280.street_img_view15a58793b55843.jpg?20180117093309
0.34312419676637723,0.026333626355947715,2,"['Track', 'pants', 'pants', 'blue', '', 'Street', ['hip', 'hop'], 'hip hop']",//image.musinsa.com/mfile_s01/_street_images/40064/280.street_img_view25a587946cf62c.jpg?20180117093309
-0.35477134078521233,-0.15402266020924,1,"['black', 'outer', 'black', 'Street', 'hip hop']",//image.musinsa.com/mfile_s01/_street_images/41568/280.street_img_view15aa11ef806a0c.jpg?20180314130726
-0.341531226149691,0.038559390931100064,1,"['Bra', 'Top', 'Dimecress', 'top', 'grey', 'Street', 'hip hop']",//image.musinsa.com/mfile_s01/_street_images/45030/280.street_img_view15b27190f10e21.jpg?20180618113033
0.7585253509360778,-0.11695756029941469,0,"['Crop', 'Top', 'top', 'black', '']",//image.musinsa.com/mfile_s01/_street_images/42357/280.street_img_view15ab4c69b7e578.jpg?20180330183107
-0.02558614990377097,0.2944410701820498,2,"['Denim', 'shorts', 'pants', 'Denim', '']",//image.musinsa.com/mfile_s01/_street_images/45702/280.street_img_view15b584c221e5da.jpg?20180801140421
-0.45004203273551346,-0.04133590520298529,1,"['down', 'outer', 'black', 'Street', 'hip hop']",//image.musinsa.com/mfile_s01/_street_images/40064/280.street_img_view15a58793b55843.jpg?20180117093309
0.3337300659762571,-0.030613980021857376,2,"['Track', 'pants', 'pants', 'blue', '', 'Street', ['hip', 'hop'], 'hip hop']",//image.musinsa.com/mfile_s01/_street_images/40064/280.street_img_view25a587946cf62c.jpg?20180117093309
-0.39022829273098614,-0.13404976449019987,1,"['black', 'outer', 'black', 'Street', 'hip hop']",//image.musinsa.com/mfile_s01/_street_images/41568/280.street_img_view15aa11ef806a0c.jpg?20180314130726
-0.30385795862876097,0.05328770815219342,1,"['Bra', 'Top', 'Dimecress', 'top', 'grey', 'Street', 'hip hop']",//image.musinsa.com/mfile_s01/_street_images/45030/280.street_img_view15b27190f10e21.jpg?20180618113033
0.7209332485888931,-0.0683632629131528,0,"['Crop', 'Top', 'top', 'black', '']",//image.musinsa.com/mfile_s01/_street_images/42357/280.street_img_view15ab4c69b7e578.jpg?20180330183107
0.05357485851302884,0.23738256711249112,2,"['Denim', 'shorts', 'pants', 'Denim', '']",//image.musinsa.com/mfile_s01/_street_images/45702/280.street_img_view15b584c221e5da.jpg?20180801140421
-0.4141660460111211,-0.0917375098350793,1,"['down', 'outer', 'black', 'Street', 'hip hop']",//image.musinsa.com/mfile_s01/_street_images/40064/280.street_img_view15a58793b55843.jpg?20180117093309
0.34123772781558454,0.015376259812963313,2,"['Track', 'pants', 'pants', 'blue', '', 'Street', ['hip', 'hop'], 'hip hop']",//image.musinsa.com/mfile_s01/_street_images/40064/280.street_img_view25a587946cf62c.jpg?20180117093309
-0.31722237336444614,-0.16398863364118557,1,"['black', 'outer', 'black', 'Street', 'hip hop']",//image.musinsa.com/mfile_s01/_street_images/41568/280.street_img_view15aa11ef806a0c.jpg?20180314130726
-0.399188326205599,0.06444325132670235,1,"['Bra', 'Top', 'Dimecress', 'top', 'grey', 'Street', 'hip hop']",//image.musinsa.com/mfile_s01/_street_images/45030/280.street_img_view15b27190f10e21.jpg?20180618113033
0.8095292035247671,-0.09075414996593557,0,"['Crop', 'Top', 'top', 'black', '']",//image.musinsa.com/mfile_s01/_street_images/42357/280.street_img_view15ab4c69b7e578.jpg?20180330183107
0.0015112459122444204,0.2934590374383467,2,"['Denim', 'shorts', 'pants', 'Denim', '']",//image.musinsa.com/mfile_s01/_street_images/45702/280.street_img_view15b584c221e5da.jpg?20180801140421
-0.48479426544344906,-0.15623876511662993,1,"['down', 'outer', 'black', 'Street', 'hip hop']",//image.musinsa.com/mfile_s01/_street_images/40064/280.street_img_view15a58793b55843.jpg?20180117093309
0.33205546245310813,-0.017199028164252353,2,"['Track', 'pants', 'pants', 'blue', '', 'Street', ['hip', 'hop'], 'hip hop']",//image.musinsa.com/mfile_s01/_street_images/40064/280.street_img_view25a587946cf62c.jpg?20180117093309
-0.3894351540843435,-0.09768426468415455,1,"['black', 'outer', 'black', 'Street', 'hip hop']",//image.musinsa.com/mfile_s01/_street_images/41568/280.street_img_view15aa11ef806a0c.jpg?20180314130726
-0.36767416148370347,0.07330140714774279,1,"['Bra', 'Top', 'Dimecress', 'top', 'grey', 'Street', 'hip hop']",//image.musinsa.com/mfile_s01/_street_images/45030/280.street_img_view15b27190f10e21.jpg?20180618113033
0.806210581975679,-0.09646345625024605,0,"['Crop', 'Top', 'top', 'black', '']",//image.musinsa.com/mfile_s01/_street_images/42357/280.street_img_view15ab4c69b7e578.jpg?20180330183107
0.03997558865784058,0.21231814118706857,2,"['Denim', 'shorts', 'pants', 'Denim', '']",//image.musinsa.com/mfile_s01/_street_images/45702/280.street_img_view15b584c221e5da.jpg?20180801140421
-0.4394573773397201,-0.08766856162444918,1,"['down', 'outer', 'black', 'Street', 'hip hop']",//image.musinsa.com/mfile_s01/_street_images/40064/280.street_img_view15a58793b55843.jpg?20180117093309
0.3575315995516238,-0.021626079361924767,2,"['Track', 'pants', 'pants', 'blue', '', 'Street', ['hip', 'hop'], 'hip hop']",//image.musinsa.com/mfile_s01/_street_images/40064/280.street_img_view25a587946cf62c.jpg?20180117093309
-0.309863914671989,-0.09404901120893121,1,"['black', 'outer', 'black', 'Street', 'hip hop']",//image.musinsa.com/mfile_s01/_street_images/41568/280.street_img_view15aa11ef806a0c.jpg?20180314130726
-0.3665595154069331,0.026404816238974355,1,"['Bra', 'Top', 'Dimecress', 'top', 'grey', 'Street', 'hip hop']",//image.musinsa.com/mfile_s01/_street_images/45030/280.street_img_view15b27190f10e21.jpg?20180618113033
0.8261275150820203,-0.09213438117910527,0,"['Crop', 'Top', 'top', 'black', '']",//image.musinsa.com/mfile_s01/_street_images/42357/280.street_img_view15ab4c69b7e578.jpg?20180330183107
-0.017059002112420372,0.2754801588525518,2,"['Denim', 'shorts', 'pants', 'Denim', '']",//image.musinsa.com/mfile_s01/_street_images/45702/280.street_img_view15b584c221e5da.jpg?20180801140421
-0.4176486871755461,-0.11641062300351568,1,"['down', 'outer', 'black', 'Street', 'hip hop']",//image.musinsa.com/mfile_s01/_street_images/40064/280.street_img_view15a58793b55843.jpg?20180117093309
0.33041073197264753,0.021046742697653827,2,"['Track', 'pants', 'pants', 'blue', '', 'Street', ['hip', 'hop'], 'hip hop']",//image.musinsa.com/mfile_s01/_street_images/40064/280.street_img_view25a587946cf62c.jpg?20180117093309
-0.30558193844264375,-0.14291311743119214,1,"['black', 'outer', 'black', 'Street', 'hip hop']",//image.musinsa.com/mfile_s01/_street_images/41568/280.street_img_view15aa11ef806a0c.jpg?20180314130726
-0.40316634664896,0.05804296382605443,1,"['Bra', 'Top', 'Dimecress', 'top', 'grey', 'Street', 'hip hop']",//image.musinsa.com/mfile_s01/_street_images/45030/280.street_img_view15b27190f10e21.jpg?20180618113033
0.836585776261922,-0.05820276379139762,0,"['Crop', 'Top', 'top', 'black', '']",//image.musinsa.com/mfile_s01/_street_images/42357/280.street_img_view15ab4c69b7e578.jpg?20180330183107
0.0023528050182716914,0.21123134062494942,2,"['Denim', 'shorts', 'pants', 'Denim', '']",//image.musinsa.com/mfile_s01/_street_images/45702/280.street_img_view15b584c221e5da.jpg?20180801140421
-0.4440434488088415,-0.0626347809896493,1,"['down', 'outer', 'black', 'Street', 'hip hop']",//image.musinsa.com/mfile_s01/_street_images/40064/280.street_img_view15a58793b55843.jpg?20180117093309
0.30690052731265616,0.04527526340184393,2,"['Track', 'pants', 'pants', 'blue', '', 'Street', ['hip', 'hop'], 'hip hop']",//image.musinsa.com/mfile_s01/_street_images/40064/280.street_img_view25a587946cf62c.jpg?20180117093309
-0.36645004567737666,-0.10363756565409663,1,"['black', 'outer', 'black', 'Street', 'hip hop']",//image.musinsa.com/mfile_s01/_street_images/41568/280.street_img_view15aa11ef806a0c.jpg?20180314130726
-0.371546273431407,0.06891605576967821,1,"['Bra', 'Top', 'Dimecress', 'top', 'grey', 'Street', 'hip hop']",//image.musinsa.com/mfile_s01/_street_images/45030/280.street_img_view15b27190f10e21.jpg?20180618113033
0.8087801431209313,-0.11361452039477415,0,"['Crop', 'Top', 'top', 'black', '']",//image.musinsa.com/mfile_s01/_street_images/42357/280.street_img_view15ab4c69b7e578.jpg?20180330183107
0.011917248610297838,0.2395403135971847,2,"['Denim', 'shorts', 'pants', 'Denim', '']",//image.musinsa.com/mfile_s01/_street_images/45702/280.street_img_view15b584c221e5da.jpg?20180801140421
-0.43950930887176404,-0.07603786393043901,1,"['down', 'outer', 'black', 'Street', 'hip hop']",//image.musinsa.com/mfile_s01/_street_images/40064/280.street_img_view15a58793b55843.jpg?20180117093309
0.3045080020419795,0.01948509434102157,2,"['Track', 'pants', 'pants', 'blue', '', 'Street', ['hip', 'hop'], 'hip hop']",//image.musinsa.com/mfile_s01/_street_images/40064/280.street_img_view25a587946cf62c.jpg?20180117093309
-0.40893546006981496,-0.10908884144219634,1,"['black', 'outer', 'black', 'Street', 'hip hop']",//image.musinsa.com/mfile_s01/_street_images/41568/280.street_img_view15aa11ef806a0c.jpg?20180314130726
-0.2964539164911385,0.06329353486009136,1,"['Bra', 'Top', 'Dimecress', 'top', 'grey', 'Street', 'hip hop']",//image.musinsa.com/mfile_s01/_street_images/45030/280.street_img_view15b27190f10e21.jpg?20180618113033
0.8245554302409845,-0.056829850142816246,0,"['Crop', 'Top', 'top', 'black', '']",//image.musinsa.com/mfile_s01/_street_images/42357/280.street_img_view15ab4c69b7e578.jpg?20180330183107
-0.016647257583623728,0.24046721495976625,2,"['Denim', 'shorts', 'pants', 'Denim', '']",//image.musinsa.com/mfile_s01/_street_images/45702/280.street_img_view15b584c221e5da.jpg?20180801140421
-0.41244012947713965,-0.07738209046270754,1,"['down', 'outer', 'black', 'Street', 'hip hop']",//image.musinsa.com/mfile_s01/_street_images/40064/280.street_img_view15a58793b55843.jpg?20180117093309
0.30137352793266114,0.04177853993536187,2,"['Track', 'pants', 'pants', 'blue', '', 'Street', ['hip', 'hop'], 'hip hop']",//image.musinsa.com/mfile_s01/_street_images/40064/280.street_img_view25a587946cf62c.jpg?20180117093309
-0.3699480746907472,-0.07453395499937482,1,"['black', 'outer', 'black', 'Street', 'hip hop']",//image.musinsa.com/mfile_s01/_street_images/41568/280.street_img_view15aa11ef806a0c.jpg?20180314130726
-0.40689595022591174,-0.004153757550162285,1,"['Bra', 'Top', 'Dimecress', 'top', 'grey', 'Street', 'hip hop']",//image.musinsa.com/mfile_s01/_street_images/45030/280.street_img_view15b27190f10e21.jpg?20180618113033
0.8004890090466557,-0.057560439810983945,0,"['Crop', 'Top', 'top', 'black', '']",//image.musinsa.com/mfile_s01/_street_images/42357/280.street_img_view15ab4c69b7e578.jpg?20180330183107
0.04570810196908494,0.23102298734699575,2,"['Denim', 'shorts', 'pants', 'Denim', '']",//image.musinsa.com/mfile_s01/_street_images/45702/280.street_img_view15b584c221e5da.jpg?20180801140421
-0.3934894746667391,-0.06395699400960414,1,"['down', 'outer', 'black', 'Street', 'hip hop']",//image.musinsa.com/mfile_s01/_street_images/40064/280.street_img_view15a58793b55843.jpg?20180117093309
0.2786912785976261,0.006490653663487559,2,"['Track', 'pants', 'pants', 'blue', '', 'Street', ['hip', 'hop'], 'hip hop']",//image.musinsa.com/mfile_s01/_street_images/40064/280.street_img_view25a587946cf62c.jpg?20180117093309
-0.371434979923147,-0.13669371970011218,1,"['black', 'outer', 'black', 'Street', 'hip hop']",//image.musinsa.com/mfile_s01/_street_images/41568/280.street_img_view15aa11ef806a0c.jpg?20180314130726
-0.33943453857289346,0.02807448614054712,1,"['Bra', 'Top', 'Dimecress', 'top', 'grey', 'Street', 'hip hop']",//image.musinsa.com/mfile_s01/_street_images/45030/280.street_img_view15b27190f10e21.jpg?20180618113033
0.785257106185639,-0.04836174309334557,0,"['Crop', 'Top', 'top', 'black', '']",//image.musinsa.com/mfile_s01/_street_images/42357/280.street_img_view15ab4c69b7e578.jpg?20180330183107
-0.03367329717174759,0.18202442391867799,2,"['Denim', 'shorts', 'pants', 'Denim', '']",//image.musinsa.com/mfile_s01/_street_images/45702/280.street_img_view15b584c221e5da.jpg?20180801140421
-0.4170150285865231,-0.07299440468367774,1,"['down', 'outer', 'black', 'Street', 'hip hop']",//image.musinsa.com/mfile_s01/_street_images/40064/280.street_img_view15a58793b55843.jpg?20180117093309
0.31007986136863064,0.005578602992489874,2,"['Track', 'pants', 'pants', 'blue', '', 'Street', ['hip', 'hop'], 'hip hop']",//image.musinsa.com/mfile_s01/_street_images/40064/280.street_img_view25a587946cf62c.jpg?20180117093309
-0.3175748535623591,-0.11561042131424769,1,"['black', 'outer', 'black', 'Street', 'hip hop']",//image.musinsa.com/mfile_s01/_street_images/41568/280.street_img_view15aa11ef806a0c.jpg?20180314130726
-0.39216387454470975,0.018721486369880195,1,"['Bra', 'Top', 'Dimecress', 'top', 'grey', 'Street', 'hip hop']",//image.musinsa.com/mfile_s01/_street_images/45030/280.street_img_view15b27190f10e21.jpg?20180618113033
0.7477261886666291,-0.048485120232831996,0,"['Crop', 'Top', 'top', 'black', '']",//image.musinsa.com/mfile_s01/_street_images/42357/280.street_img_view15ab4c69b7e578.jpg?20180330183107
-0.006746768003743699,0.17177848696342418,2,"['Denim', 'shorts', 'pants', 'Denim', '']",//image.musinsa.com/mfile_s01/_street_images/45702/280.street_img_view15b584c221e5da.jpg?20180801140421
-0.44420185870557305,-0.03664266106623434,1,"['down', 'outer', 'black', 'Street', 'hip hop']",//image.musinsa.com/mfile_s01/_street_images/40064/280.street_img_view15a58793b55843.jpg?20180117093309
0.3566965403679829,-0.02022408602819845,2,"['Track', 'pants', 'pants', 'blue', '', 'Street', ['hip', 'hop'], 'hip hop']",//image.musinsa.com/mfile_s01/_street_images/40064/280.street_img_view25a587946cf62c.jpg?20180117093309
-0.3247381125528254,-0.1719026576470563,1,"['black', 'outer', 'black', 'Street', 'hip hop']",//image.musinsa.com/mfile_s01/_street_images/41568/280.street_img_view15aa11ef806a0c.jpg?20180314130726
-0.33404583448690384,-0.002148952680842064,1,"['Bra', 'Top', 'Dimecress', 'top', 'grey', 'Street', 'hip hop']",//image.musinsa.com/mfile_s01/_street_images/45030/280.street_img_view15b27190f10e21.jpg?20180618113033
0.7066532278156332,-0.07021837830668796,0,"['Crop', 'Top', 'top', 'black', '']",//image.musinsa.com/mfile_s01/_street_images/42357/280.street_img_view15ab4c69b7e578.jpg?20180330183107
0.018503162401305617,0.22937922599691857,2,"['Denim', 'shorts', 'pants', 'Denim', '']",//image.musinsa.com/mfile_s01/_street_images/45702/280.street_img_view15b584c221e5da.jpg?20180801140421
-0.4421879788109262,-0.060754400256198715,1,"['down', 'outer', 'black', 'Street', 'hip hop']",//image.musinsa.com/mfile_s01/_street_images/40064/280.street_img_view15a58793b55843.jpg?20180117093309
0.35658037283131355,6.43633214649272e-05,2,"['Track', 'pants', 'pants', 'blue', '', 'Street', ['hip', 'hop'], 'hip hop']",//image.musinsa.com/mfile_s01/_street_images/40064/280.street_img_view25a587946cf62c.jpg?20180117093309
-0.37666882669368545,-0.08035102279977867,1,"['black', 'outer', 'black', 'Street', 'hip hop']",//image.musinsa.com/mfile_s01/_street_images/41568/280.street_img_view15aa11ef806a0c.jpg?20180314130726
-0.35409950191844103,0.04125720662361217,1,"['Bra', 'Top', 'Dimecress', 'top', 'grey', 'Street', 'hip hop']",//image.musinsa.com/mfile_s01/_street_images/45030/280.street_img_view15b27190f10e21.jpg?20180618113033
0.7576857970802805,-0.03601014085111339,0,"['Crop', 'Top', 'top', 'black', '']",//image.musinsa.com/mfile_s01/_street_images/42357/280.street_img_view15ab4c69b7e578.jpg?20180330183107
-0.04295321726583813,0.1916273591397138,2,"['Denim', 'shorts', 'pants', 'Denim', '']",//image.musinsa.com/mfile_s01/_street_images/45702/280.street_img_view15b584c221e5da.jpg?20180801140421
-0.40151869169362997,-0.040491627940782524,1,"['down', 'outer', 'black', 'Street', 'hip hop']",//image.musinsa.com/mfile_s01/_street_images/40064/280.street_img_view15a58793b55843.jpg?20180117093309
0.34254044240226433,0.01501710336423569,2,"['Track', 'pants', 'pants', 'blue', '', 'Street', ['hip', 'hop'], 'hip hop']",//image.musinsa.com/mfile_s01/_street_images/40064/280.street_img_view25a587946cf62c.jpg?20180117093309
-0.367458858358815,-0.14546528659913724,1,"['black', 'outer', 'black', 'Street', 'hip hop']",//image.musinsa.com/mfile_s01/_street_images/41568/280.street_img_view15aa11ef806a0c.jpg?20180314130726
-0.34560278739595485,0.05560718873853857,1,"['Bra', 'Top', 'Dimecress', 'top', 'grey', 'Street', 'hip hop']",//image.musinsa.com/mfile_s01/_street_images/45030/280.street_img_view15b27190f10e21.jpg?20180618113033
0.7850669709122171,-0.05417079082590727,0,"['Crop', 'Top', 'top', 'black', '']",//image.musinsa.com/mfile_s01/_street_images/42357/280.street_img_view15ab4c69b7e578.jpg?20180330183107
-0.006268566511954148,0.19949241785559524,2,"['Denim', 'shorts', 'pants', 'Denim', '']",//image.musinsa.com/mfile_s01/_street_images/45702/280.street_img_view15b584c221e5da.jpg?20180801140421
-0.44860221233656955,-0.023438598204858222,1,"['down', 'outer', 'black', 'Street', 'hip hop']",//image.musinsa.com/mfile_s01/_street_images/40064/280.street_img_view15a58793b55843.jpg?20180117093309
0.3407541597635321,-0.005675810143596616,2,"['Track', 'pants', 'pants', 'blue', '', 'Street', ['hip', 'hop'], 'hip hop']",//image.musinsa.com/mfile_s01/_street_images/40064/280.street_img_view25a587946cf62c.jpg?20180117093309
-0.34992584043347064,-0.12686461619430583,1,"['black', 'outer', 'black', 'Street', 'hip hop']",//image.musinsa.com/mfile_s01/_street_images/41568/280.street_img_view15aa11ef806a0c.jpg?20180314130726
-0.3721128525582505,0.015348053580616739,1,"['Bra', 'Top', 'Dimecress', 'top', 'grey', 'Street', 'hip hop']",//image.musinsa.com/mfile_s01/_street_images/45030/280.street_img_view15b27190f10e21.jpg?20180618113033
0.7811462322427662,-0.09912465341534572,0,"['Crop', 'Top', 'top', 'black', '']",//image.musinsa.com/mfile_s01/_street_images/42357/280.street_img_view15ab4c69b7e578.jpg?20180330183107
-0.01537313788499603,0.2607042554780762,2,"['Denim', 'shorts', 'pants', 'Denim', '']",//image.musinsa.com/mfile_s01/_street_images/45702/280.street_img_view15b584c221e5da.jpg?20180801140421
-0.426380967707289,-0.10242724518980233,1,"['down', 'outer', 'black', 'Street', 'hip hop']",//image.musinsa.com/mfile_s01/_street_images/40064/280.street_img_view15a58793b55843.jpg?20180117093309
0.33178898661965595,-0.004455124750582295,2,"['Track', 'pants', 'pants', 'blue', '', 'Street', ['hip', 'hop'], 'hip hop']",//image.musinsa.com/mfile_s01/_street_images/40064/280.street_img_view25a587946cf62c.jpg?20180117093309
-0.33229547736451587,-0.07870314247793342,1,"['black', 'outer', 'black', 'Street', 'hip hop']",//image.musinsa.com/mfile_s01/_street_images/41568/280.street_img_view15aa11ef806a0c.jpg?20180314130726
-0.3362003537248464,0.035590963831534345,1,"['Bra', 'Top', 'Dimecress', 'top', 'grey', 'Street', 'hip hop']",//image.musinsa.com/mfile_s01/_street_images/45030/280.street_img_view15b27190f10e21.jpg?20180618113033
0.8395497275077168,-0.060938271396576336,0,"['Crop', 'Top', 'top', 'black', '']",//image.musinsa.com/mfile_s01/_street_images/42357/280.street_img_view15ab4c69b7e578.jpg?20180330183107
-0.01662113548677151,0.3246359746260632,2,"['Denim', 'shorts', 'pants', 'Denim', '']",//image.musinsa.com/mfile_s01/_street_images/45702/280.street_img_view15b584c221e5da.jpg?20180801140421
-0.40633484321689695,-0.073692296046826,1,"['down', 'outer', 'black', 'Street', 'hip hop']",//image.musinsa.com/mfile_s01/_street_images/40064/280.street_img_view15a58793b55843.jpg?20180117093309
0.2822912648560927,0.013202890520250737,2,"['Track', 'pants', 'pants', 'blue', '', 'Street', ['hip', 'hop'], 'hip hop']",//image.musinsa.com/mfile_s01/_street_images/40064/280.street_img_view25a587946cf62c.jpg?20180117093309
-0.2892639739569368,-0.10619254024877545,1,"['black', 'outer', 'black', 'Street', 'hip hop']",//image.musinsa.com/mfile_s01/_street_images/41568/280.street_img_view15aa11ef806a0c.jpg?20180314130726
-0.3220221640525109,0.04066174030763308,1,"['Bra', 'Top', 'Dimecress', 'top', 'grey', 'Street', 'hip hop']",//image.musinsa.com/mfile_s01/_street_images/45030/280.street_img_view15b27190f10e21.jpg?20180618113033
0.7767267545593122,-0.07156054668382937,0,"['Crop', 'Top', 'top', 'black', '']",//image.musinsa.com/mfile_s01/_street_images/42357/280.street_img_view15ab4c69b7e578.jpg?20180330183107
0.055664953184466036,0.2220679603489757,2,"['Denim', 'shorts', 'pants', 'Denim', '']",//image.musinsa.com/mfile_s01/_street_images/45702/280.street_img_view15b584c221e5da.jpg?20180801140421
-0.4540295765864469,-0.05705775788216257,1,"['down', 'outer', 'black', 'Street', 'hip hop']",//image.musinsa.com/mfile_s01/_street_images/40064/280.street_img_view15a58793b55843.jpg?20180117093309
0.3015473640389422,0.017776002926972203,2,"['Track', 'pants', 'pants', 'blue', '', 'Street', ['hip', 'hop'], 'hip hop']",//image.musinsa.com/mfile_s01/_street_images/40064/280.street_img_view25a587946cf62c.jpg?20180117093309
-0.3476826945161522,-0.10265899719044755,1,"['black', 'outer', 'black', 'Street', 'hip hop']",//image.musinsa.com/mfile_s01/_street_images/41568/280.street_img_view15aa11ef806a0c.jpg?20180314130726
-0.3643768536891853,0.029800773169305256,1,"['Bra', 'Top', 'Dimecress', 'top', 'grey', 'Street', 'hip hop']",//image.musinsa.com/mfile_s01/_street_images/45030/280.street_img_view15b27190f10e21.jpg?20180618113033
0.8032545262384699,-0.05156663887133955,0,"['Crop', 'Top', 'top', 'black', '']",//image.musinsa.com/mfile_s01/_street_images/42357/280.street_img_view15ab4c69b7e578.jpg?20180330183107
-0.0258713762909568,0.22595842881683437,2,"['Denim', 'shorts', 'pants', 'Denim', '']",//image.musinsa.com/mfile_s01/_street_images/45702/280.street_img_view15b584c221e5da.jpg?20180801140421
-0.45027440571821603,-0.1387702150748846,1,"['down', 'outer', 'black', 'Street', 'hip hop']",//image.musinsa.com/mfile_s01/_street_images/40064/280.street_img_view15a58793b55843.jpg?20180117093309
0.3213061007618129,-0.04181713405044611,2,"['Track', 'pants', 'pants', 'blue', '', 'Street', ['hip', 'hop'], 'hip hop']",//image.musinsa.com/mfile_s01/_street_images/40064/280.street_img_view25a587946cf62c.jpg?20180117093309
-0.34418527646735514,-0.15084323731638377,1,"['black', 'outer', 'black', 'Street', 'hip hop']",//image.musinsa.com/mfile_s01/_street_images/41568/280.street_img_view15aa11ef806a0c.jpg?20180314130726
-0.35156607424042774,0.07943030367524566,1,"['Bra', 'Top', 'Dimecress', 'top', 'grey', 'Street', 'hip hop']",//image.musinsa.com/mfile_s01/_street_images/45030/280.street_img_view15b27190f10e21.jpg?20180618113033
0.8366769708919818,-0.14914256958146588,0,"['Crop', 'Top', 'top', 'black', '']",//image.musinsa.com/mfile_s01/_street_images/42357/280.street_img_view15ab4c69b7e578.jpg?20180330183107
0.00844681021406999,0.22531481512856275,2,"['Denim', 'shorts', 'pants', 'Denim', '']",//image.musinsa.com/mfile_s01/_street_images/45702/280.street_img_view15b584c221e5da.jpg?20180801140421
-0.4256611081488229,-0.035913263862294785,1,"['down', 'outer', 'black', 'Street', 'hip hop']",//image.musinsa.com/mfile_s01/_street_images/40064/280.street_img_view15a58793b55843.jpg?20180117093309
0.3484859326749519,0.037714582284007654,2,"['Track', 'pants', 'pants', 'blue', '', 'Street', ['hip', 'hop'], 'hip hop']",//image.musinsa.com/mfile_s01/_street_images/40064/280.street_img_view25a587946cf62c.jpg?20180117093309
-0.303092433635637,-0.1514230736648231,1,"['black', 'outer', 'black', 'Street', 'hip hop']",//image.musinsa.com/mfile_s01/_street_images/41568/280.street_img_view15aa11ef806a0c.jpg?20180314130726
-0.30503806946109235,0.02859329340645456,1,"['Bra', 'Top', 'Dimecress', 'top', 'grey', 'Street', 'hip hop']",//image.musinsa.com/mfile_s01/_street_images/45030/280.street_img_view15b27190f10e21.jpg?20180618113033
0.7682522993814118,-0.13510318782932834,0,"['Crop', 'Top', 'top', 'black', '']",//image.musinsa.com/mfile_s01/_street_images/42357/280.street_img_view15ab4c69b7e578.jpg?20180330183107
0.019321642436713006,0.25126322255977585,2,"['Denim', 'shorts', 'pants', 'Denim', '']",//image.musinsa.com/mfile_s01/_street_images/45702/280.street_img_view15b584c221e5da.jpg?20180801140421
-0.4377698482266757,-0.043903931604729364,1,"['down', 'outer', 'black', 'Street', 'hip hop']",//image.musinsa.com/mfile_s01/_street_images/40064/280.street_img_view15a58793b55843.jpg?20180117093309
0.3551517759531551,0.0315684276545921,2,"['Track', 'pants', 'pants', 'blue', '', 'Street', ['hip', 'hop'], 'hip hop']",//image.musinsa.com/mfile_s01/_street_images/40064/280.street_img_view25a587946cf62c.jpg?20180117093309
-0.35219710749900457,-0.09270334099453055,1,"['black', 'outer', 'black', 'Street', 'hip hop']",//image.musinsa.com/mfile_s01/_street_images/41568/280.street_img_view15aa11ef806a0c.jpg?20180314130726
-0.3818116011887668,0.07094594315094539,1,"['Bra', 'Top', 'Dimecress', 'top', 'grey', 'Street', 'hip hop']",//image.musinsa.com/mfile_s01/_street_images/45030/280.street_img_view15b27190f10e21.jpg?20180618113033
0.7727191298726803,-0.06861852586624026,0,"['Crop', 'Top', 'top', 'black', '']",//image.musinsa.com/mfile_s01/_street_images/42357/280.street_img_view15ab4c69b7e578.jpg?20180330183107
0.0029861105336053597,0.2243673162771625,2,"['Denim', 'shorts', 'pants', 'Denim', '']",//image.musinsa.com/mfile_s01/_street_images/45702/280.street_img_view15b584c221e5da.jpg?20180801140421
-0.40389758198266246,-0.051719530102559766,1,"['down', 'outer', 'black', 'Street', 'hip hop']",//image.musinsa.com/mfile_s01/_street_images/40064/280.street_img_view15a58793b55843.jpg?20180117093309
0.3277060252853131,-0.007623902748784579,2,"['Track', 'pants', 'pants', 'blue', '', 'Street', ['hip', 'hop'], 'hip hop']",//image.musinsa.com/mfile_s01/_street_images/40064/280.street_img_view25a587946cf62c.jpg?20180117093309
-0.3427805657585278,-0.2040390363630064,1,"['black', 'outer', 'black', 'Street', 'hip hop']",//image.musinsa.com/mfile_s01/_street_images/41568/280.street_img_view15aa11ef806a0c.jpg?20180314130726
-0.35751865626263185,0.045595225458598176,1,"['Bra', 'Top', 'Dimecress', 'top', 'grey', 'Street', 'hip hop']",//image.musinsa.com/mfile_s01/_street_images/45030/280.street_img_view15b27190f10e21.jpg?20180618113033
0.8916538601471291,-0.08293554909027831,0,"['Crop', 'Top', 'top', 'black', '']",//image.musinsa.com/mfile_s01/_street_images/42357/280.street_img_view15ab4c69b7e578.jpg?20180330183107
0.015280247981887325,0.23128269853165478,2,"['Denim', 'shorts', 'pants', 'Denim', '']",//image.musinsa.com/mfile_s01/_street_images/45702/280.street_img_view15b584c221e5da.jpg?20180801140421
-0.4480704014798208,-0.07283475740278361,1,"['down', 'outer', 'black', 'Street', 'hip hop']",//image.musinsa.com/mfile_s01/_street_images/40064/280.street_img_view15a58793b55843.jpg?20180117093309
0.35146598774106513,5.740351148995678e-06,2,"['Track', 'pants', 'pants', 'blue', '', 'Street', ['hip', 'hop'], 'hip hop']",//image.musinsa.com/mfile_s01/_street_images/40064/280.street_img_view25a587946cf62c.jpg?20180117093309
-0.303590777596396,-0.1564886968453448,1,"['black', 'outer', 'black', 'Street', 'hip hop']",//image.musinsa.com/mfile_s01/_street_images/41568/280.street_img_view15aa11ef806a0c.jpg?20180314130726
-0.3284140932828679,0.01734588576479989,1,"['Bra', 'Top', 'Dimecress', 'top', 'grey', 'Street', 'hip hop']",//image.musinsa.com/mfile_s01/_street_images/45030/280.street_img_view15b27190f10e21.jpg?20180618113033
0.814001162213353,-0.06039751804043295,0,"['Crop', 'Top', 'top', 'black', '']",//image.musinsa.com/mfile_s01/_street_images/42357/280.street_img_view15ab4c69b7e578.jpg?20180330183107
0.007713443811308245,0.17864983341047994,2,"['Denim', 'shorts', 'pants', 'Denim', '']",//image.musinsa.com/mfile_s01/_street_images/45702/280.street_img_view15b584c221e5da.jpg?20180801140421
-0.4026344927903744,-0.08017389361918462,1,"['down', 'outer', 'black', 'Street', 'hip hop']",//image.musinsa.com/mfile_s01/_street_images/40064/280.street_img_view15a58793b55843.jpg?20180117093309
0.356465793766605,0.010414962188840565,2,"['Track', 'pants', 'pants', 'blue', '', 'Street', ['hip', 'hop'], 'hip hop']",//image.musinsa.com/mfile_s01/_street_images/40064/280.street_img_view25a587946cf62c.jpg?20180117093309
-0.30608838154226364,-0.15020624761552265,1,"['black', 'outer', 'black', 'Street', 'hip hop']",//image.musinsa.com/mfile_s01/_street_images/41568/280.street_img_view15aa11ef806a0c.jpg?20180314130726
-0.3730689152288818,0.0005380568130728583,1,"['Bra', 'Top', 'Dimecress', 'top', 'grey', 'Street', 'hip hop']",//image.musinsa.com/mfile_s01/_street_images/45030/280.street_img_view15b27190f10e21.jpg?20180618113033
0.8369069744429767,-0.14560220738715868,0,"['Crop', 'Top', 'top', 'black', '']",//image.musinsa.com/mfile_s01/_street_images/42357/280.street_img_view15ab4c69b7e578.jpg?20180330183107
-0.0038784414015614415,0.20144968687485384,2,"['Denim', 'shorts', 'pants', 'Denim', '']",//image.musinsa.com/mfile_s01/_street_images/45702/280.street_img_view15b584c221e5da.jpg?20180801140421
-0.44801787105046303,-0.066395004096848,1,"['down', 'outer', 'black', 'Street', 'hip hop']",//image.musinsa.com/mfile_s01/_street_images/40064/280.street_img_view15a58793b55843.jpg?20180117093309
0.35168939541595917,-0.001961845948820243,2,"['Track', 'pants', 'pants', 'blue', '', 'Street', ['hip', 'hop'], 'hip hop']",//image.musinsa.com/mfile_s01/_street_images/40064/280.street_img_view25a587946cf62c.jpg?20180117093309
-0.3407273913208298,-0.11523122438059186,1,"['black', 'outer', 'black', 'Street', 'hip hop']",//image.musinsa.com/mfile_s01/_street_images/41568/280.street_img_view15aa11ef806a0c.jpg?20180314130726
-0.33228280751262695,-0.004106739742717238,1,"['Bra', 'Top', 'Dimecress', 'top', 'grey', 'Street', 'hip hop']",//image.musinsa.com/mfile_s01/_street_images/45030/280.street_img_view15b27190f10e21.jpg?20180618113033
0.8187819237557076,-0.06009153294900595,0,"['Crop', 'Top', 'top', 'black', '']",//image.musinsa.com/mfile_s01/_street_images/42357/280.street_img_view15ab4c69b7e578.jpg?20180330183107
0.03689915669761037,0.2827517592082216,2,"['Denim', 'shorts', 'pants', 'Denim', '']",//image.musinsa.com/mfile_s01/_street_images/45702/280.street_img_view15b584c221e5da.jpg?20180801140421
-0.39607266468888847,-0.08555947630972693,1,"['down', 'outer', 'black', 'Street', 'hip hop']",//image.musinsa.com/mfile_s01/_street_images/40064/280.street_img_view15a58793b55843.jpg?20180117093309
0.318237126436303,0.04352544898498583,2,"['Track', 'pants', 'pants', 'blue', '', 'Street', ['hip', 'hop'], 'hip hop']",//image.musinsa.com/mfile_s01/_street_images/40064/280.street_img_view25a587946cf62c.jpg?20180117093309
-0.3470153547846962,-0.048820065402078255,1,"['black', 'outer', 'black', 'Street', 'hip hop']",//image.musinsa.com/mfile_s01/_street_images/41568/280.street_img_view15aa11ef806a0c.jpg?20180314130726
-0.3604061745696206,0.02392884680940379,1,"['Bra', 'Top', 'Dimecress', 'top', 'grey', 'Street', 'hip hop']",//image.musinsa.com/mfile_s01/_street_images/45030/280.street_img_view15b27190f10e21.jpg?20180618113033
0.8044516683526693,-0.03940657647348918,0,"['Crop', 'Top', 'top', 'black', '']",//image.musinsa.com/mfile_s01/_street_images/42357/280.street_img_view15ab4c69b7e578.jpg?20180330183107
0.011230847292021307,0.21440483061742455,2,"['Denim', 'shorts', 'pants', 'Denim', '']",//image.musinsa.com/mfile_s01/_street_images/45702/280.street_img_view15b584c221e5da.jpg?20180801140421
-0.43165544921365206,-0.12594402055484105,1,"['down', 'outer', 'black', 'Street', 'hip hop']",//image.musinsa.com/mfile_s01/_street_images/40064/280.street_img_view15a58793b55843.jpg?20180117093309
0.36166804803609826,-0.008228154880073878,2,"['Track', 'pants', 'pants', 'blue', '', 'Street', ['hip', 'hop'], 'hip hop']",//image.musinsa.com/mfile_s01/_street_images/40064/280.street_img_view25a587946cf62c.jpg?20180117093309
-0.3394382168184181,-0.12552864462603827,1,"['black', 'outer', 'black', 'Street', 'hip hop']",//image.musinsa.com/mfile_s01/_street_images/41568/280.street_img_view15aa11ef806a0c.jpg?20180314130726
-0.3222572168792415,0.03079777867855701,1,"['Bra', 'Top', 'Dimecress', 'top', 'grey', 'Street', 'hip hop']",//image.musinsa.com/mfile_s01/_street_images/45030/280.street_img_view15b27190f10e21.jpg?20180618113033
0.7883869166429028,-0.0688129657884434,0,"['Crop', 'Top', 'top', 'black', '']",//image.musinsa.com/mfile_s01/_street_images/42357/280.street_img_view15ab4c69b7e578.jpg?20180330183107
0.03211453117354124,0.23800807379312547,2,"['Denim', 'shorts', 'pants', 'Denim', '']",//image.musinsa.com/mfile_s01/_street_images/45702/280.street_img_view15b584c221e5da.jpg?20180801140421
-0.4221743463115739,-0.04457450882594343,1,"['down', 'outer', 'black', 'Street', 'hip hop']",//image.musinsa.com/mfile_s01/_street_images/40064/280.street_img_view15a58793b55843.jpg?20180117093309
0.3299322219324239,-0.002846579325645184,2,"['Track', 'pants', 'pants', 'blue', '', 'Street', ['hip', 'hop'], 'hip hop']",//image.musinsa.com/mfile_s01/_street_images/40064/280.street_img_view25a587946cf62c.jpg?20180117093309
-0.342445922008648,-0.15452909276358207,1,"['black', 'outer', 'black', 'Street', 'hip hop']",//image.musinsa.com/mfile_s01/_street_images/41568/280.street_img_view15aa11ef806a0c.jpg?20180314130726
-0.33849493379174644,0.04389971430995306,1,"['Bra', 'Top', 'Dimecress', 'top', 'grey', 'Street', 'hip hop']",//image.musinsa.com/mfile_s01/_street_images/45030/280.street_img_view15b27190f10e21.jpg?20180618113033
0.7627424962106416,-0.11569157768618112,0,"['Crop', 'Top', 'top', 'black', '']",//image.musinsa.com/mfile_s01/_street_images/42357/280.street_img_view15ab4c69b7e578.jpg?20180330183107
-0.0030629637671616373,0.22735012605944285,2,"['Denim', 'shorts', 'pants', 'Denim', '']",//image.musinsa.com/mfile_s01/_street_images/45702/280.street_img_view15b584c221e5da.jpg?20180801140421
-0.47372084198870656,-0.08987398779235323,1,"['down', 'outer', 'black', 'Street', 'hip hop']",//image.musinsa.com/mfile_s01/_street_images/40064/280.street_img_view15a58793b55843.jpg?20180117093309
0.35731675163693444,-0.0014880903555804079,2,"['Track', 'pants', 'pants', 'blue', '', 'Street', ['hip', 'hop'], 'hip hop']",//image.musinsa.com/mfile_s01/_street_images/40064/280.street_img_view25a587946cf62c.jpg?20180117093309
-0.35781206007083327,-0.1416077549812264,1,"['black', 'outer', 'black', 'Street', 'hip hop']",//image.musinsa.com/mfile_s01/_street_images/41568/280.street_img_view15aa11ef806a0c.jpg?20180314130726
-0.3187819486156351,0.06405606145684858,1,"['Bra', 'Top', 'Dimecress', 'top', 'grey', 'Street', 'hip hop']",//image.musinsa.com/mfile_s01/_street_images/45030/280.street_img_view15b27190f10e21.jpg?20180618113033
0.7284035187342073,-0.07705654160689437,0,"['Crop', 'Top', 'top', 'black', '']",//image.musinsa.com/mfile_s01/_street_images/42357/280.street_img_view15ab4c69b7e578.jpg?20180330183107
-0.013796807796054602,0.23988354860626823,2,"['Denim', 'shorts', 'pants', 'Denim', '']",//image.musinsa.com/mfile_s01/_street_images/45702/280.street_img_view15b584c221e5da.jpg?20180801140421
-0.4593352355206759,-0.09802780681568522,1,"['down', 'outer', 'black', 'Street', 'hip hop']",//image.musinsa.com/mfile_s01/_street_images/40064/280.street_img_view15a58793b55843.jpg?20180117093309
0.3256919561153607,-0.005396881181841263,2,"['Track', 'pants', 'pants', 'blue', '', 'Street', ['hip', 'hop'], 'hip hop']",//image.musinsa.com/mfile_s01/_street_images/40064/280.street_img_view25a587946cf62c.jpg?20180117093309
-0.35096659472653,-0.14143702604021216,1,"['black', 'outer', 'black', 'Street', 'hip hop']",//image.musinsa.com/mfile_s01/_street_images/41568/280.street_img_view15aa11ef806a0c.jpg?20180314130726
-0.35638590798906905,0.070074583781741,1,"['Bra', 'Top', 'Dimecress', 'top', 'grey', 'Street', 'hip hop']",//image.musinsa.com/mfile_s01/_street_images/45030/280.street_img_view15b27190f10e21.jpg?20180618113033
0.8151903220314161,-0.0478220229937375,0,"['Crop', 'Top', 'top', 'black', '']",//image.musinsa.com/mfile_s01/_street_images/42357/280.street_img_view15ab4c69b7e578.jpg?20180330183107
0.022371720371699926,0.20145104830838195,2,"['Denim', 'shorts', 'pants', 'Denim', '']",//image.musinsa.com/mfile_s01/_street_images/45702/280.street_img_view15b584c221e5da.jpg?20180801140421
-0.47961072697548796,-0.07578879636186542,1,"['down', 'outer', 'black', 'Street', 'hip hop']",//image.musinsa.com/mfile_s01/_street_images/40064/280.street_img_view15a58793b55843.jpg?20180117093309
0.37129423392915717,-0.0515006055240243,2,"['Track', 'pants', 'pants', 'blue', '', 'Street', ['hip', 'hop'], 'hip hop']",//image.musinsa.com/mfile_s01/_street_images/40064/280.street_img_view25a587946cf62c.jpg?20180117093309
-0.3290834833587096,-0.11386057530642216,1,"['black', 'outer', 'black', 'Street', 'hip hop']",//image.musinsa.com/mfile_s01/_street_images/41568/280.street_img_view15aa11ef806a0c.jpg?20180314130726
-0.35973185997136664,0.03421276567387701,1,"['Bra', 'Top', 'Dimecress', 'top', 'grey', 'Street', 'hip hop']",//image.musinsa.com/mfile_s01/_street_images/45030/280.street_img_view15b27190f10e21.jpg?20180618113033
0.8285336410285059,-0.09505015569699085,0,"['Crop', 'Top', 'top', 'black', '']",//image.musinsa.com/mfile_s01/_street_images/42357/280.street_img_view15ab4c69b7e578.jpg?20180330183107
-0.037228747469867485,0.24114935592364029,2,"['Denim', 'shorts', 'pants', 'Denim', '']",//image.musinsa.com/mfile_s01/_street_images/45702/280.street_img_view15b584c221e5da.jpg?20180801140421
-0.41884581956399214,-0.1036142905205022,1,"['down', 'outer', 'black', 'Street', 'hip hop']",//image.musinsa.com/mfile_s01/_street_images/40064/280.street_img_view15a58793b55843.jpg?20180117093309
0.33094058530253484,-0.04331730773623172,2,"['Track', 'pants', 'pants', 'blue', '', 'Street', ['hip', 'hop'], 'hip hop']",//image.musinsa.com/mfile_s01/_street_images/40064/280.street_img_view25a587946cf62c.jpg?20180117093309
-0.3033644638697339,-0.0896862960213226,1,"['black', 'outer', 'black', 'Street', 'hip hop']",//image.musinsa.com/mfile_s01/_street_images/41568/280.street_img_view15aa11ef806a0c.jpg?20180314130726
-0.3269680501837516,0.03267594630486755,1,"['Bra', 'Top', 'Dimecress', 'top', 'grey', 'Street', 'hip hop']",//image.musinsa.com/mfile_s01/_street_images/45030/280.street_img_view15b27190f10e21.jpg?20180618113033
0.7924481948139505,-0.0873317000459897,0,"['Crop', 'Top', 'top', 'black', '']",//image.musinsa.com/mfile_s01/_street_images/42357/280.street_img_view15ab4c69b7e578.jpg?20180330183107
0.002266198009628048,0.2385522213780714,2,"['Denim', 'shorts', 'pants', 'Denim', '']",//image.musinsa.com/mfile_s01/_street_images/45702/280.street_img_view15b584c221e5da.jpg?20180801140421
-0.43198109950566255,-0.11841266605172232,1,"['down', 'outer', 'black', 'Street', 'hip hop']",//image.musinsa.com/mfile_s01/_street_images/40064/280.street_img_view15a58793b55843.jpg?20180117093309
0.344203460971892,0.03710373473606261,2,"['Track', 'pants', 'pants', 'blue', '', 'Street', ['hip', 'hop'], 'hip hop']",//image.musinsa.com/mfile_s01/_street_images/40064/280.street_img_view25a587946cf62c.jpg?20180117093309
-0.3102546682817822,-0.1663264951546267,1,"['black', 'outer', 'black', 'Street', 'hip hop']",//image.musinsa.com/mfile_s01/_street_images/41568/280.street_img_view15aa11ef806a0c.jpg?20180314130726
-0.37475753745956125,0.0691796102110272,1,"['Bra', 'Top', 'Dimecress', 'top', 'grey', 'Street', 'hip hop']",//image.musinsa.com/mfile_s01/_street_images/45030/280.street_img_view15b27190f10e21.jpg?20180618113033
0.7333744148143998,-0.104737567038789,0,"['Crop', 'Top', 'top', 'black', '']",//image.musinsa.com/mfile_s01/_street_images/42357/280.street_img_view15ab4c69b7e578.jpg?20180330183107
-0.021796144801057897,0.21323547378245145,2,"['Denim', 'shorts', 'pants', 'Denim', '']",//image.musinsa.com/mfile_s01/_street_images/45702/280.street_img_view15b584c221e5da.jpg?20180801140421
-0.41142925620056886,-0.05420642633177197,1,"['down', 'outer', 'black', 'Street', 'hip hop']",//image.musinsa.com/mfile_s01/_street_images/40064/280.street_img_view15a58793b55843.jpg?20180117093309
0.34894186471207067,-0.028407350158942118,2,"['Track', 'pants', 'pants', 'blue', '', 'Street', ['hip', 'hop'], 'hip hop']",//image.musinsa.com/mfile_s01/_street_images/40064/280.street_img_view25a587946cf62c.jpg?20180117093309
-0.30819676970705884,-0.11342319925832155,1,"['black', 'outer', 'black', 'Street', 'hip hop']",//image.musinsa.com/mfile_s01/_street_images/41568/280.street_img_view15aa11ef806a0c.jpg?20180314130726
-0.3860348243457979,0.08031280322166018,1,"['Bra', 'Top', 'Dimecress', 'top', 'grey', 'Street', 'hip hop']",//image.musinsa.com/mfile_s01/_street_images/45030/280.street_img_view15b27190f10e21.jpg?20180618113033
0.7752401519332321,-0.09755369477261773,0,"['Crop', 'Top', 'top', 'black', '']",//image.musinsa.com/mfile_s01/_street_images/42357/280.street_img_view15ab4c69b7e578.jpg?20180330183107
0.0382964995254015,0.20202141347729224,2,"['Denim', 'shorts', 'pants', 'Denim', '']",//image.musinsa.com/mfile_s01/_street_images/45702/280.street_img_view15b584c221e5da.jpg?20180801140421
-0.425690804157309,-0.13382261994911732,1,"['down', 'outer', 'black', 'Street', 'hip hop']",//image.musinsa.com/mfile_s01/_street_images/40064/280.street_img_view15a58793b55843.jpg?20180117093309
0.3310151375701744,-0.00817035016303406,2,"['Track', 'pants', 'pants', 'blue', '', 'Street', ['hip', 'hop'], 'hip hop']",//image.musinsa.com/mfile_s01/_street_images/40064/280.street_img_view25a587946cf62c.jpg?20180117093309
-0.30455170333328,-0.08237144835360757,1,"['black', 'outer', 'black', 'Street', 'hip hop']",//image.musinsa.com/mfile_s01/_street_images/41568/280.street_img_view15aa11ef806a0c.jpg?20180314130726
-0.2999547430875381,0.05464493722029369,1,"['Bra', 'Top', 'Dimecress', 'top', 'grey', 'Street', 'hip hop']",//image.musinsa.com/mfile_s01/_street_images/45030/280.street_img_view15b27190f10e21.jpg?20180618113033
0.8382515188326327,-0.09817069615738605,0,"['Crop', 'Top', 'top', 'black', '']",//image.musinsa.com/mfile_s01/_street_images/42357/280.street_img_view15ab4c69b7e578.jpg?20180330183107
-0.018888860165720275,0.13888588483552383,2,"['Denim', 'shorts', 'pants', 'Denim', '']",//image.musinsa.com/mfile_s01/_street_images/45702/280.street_img_view15b584c221e5da.jpg?20180801140421
-0.4321487016550463,-0.058265678673456625,1,"['down', 'outer', 'black', 'Street', 'hip hop']",//image.musinsa.com/mfile_s01/_street_images/40064/280.street_img_view15a58793b55843.jpg?20180117093309
0.3523479250146508,-0.033152927360598924,2,"['Track', 'pants', 'pants', 'blue', '', 'Street', ['hip', 'hop'], 'hip hop']",//image.musinsa.com/mfile_s01/_street_images/40064/280.street_img_view25a587946cf62c.jpg?20180117093309
-0.37465989721767995,-0.17674820025914817,1,"['black', 'outer', 'black', 'Street', 'hip hop']",//image.musinsa.com/mfile_s01/_street_images/41568/280.street_img_view15aa11ef806a0c.jpg?20180314130726
-0.37573654533096523,0.04966009388887946,1,"['Bra', 'Top', 'Dimecress', 'top', 'grey', 'Street', 'hip hop']",//image.musinsa.com/mfile_s01/_street_images/45030/280.street_img_view15b27190f10e21.jpg?20180618113033
0.8015781645856498,-0.0829687962015939,0,"['Crop', 'Top', 'top', 'black', '']",//image.musinsa.com/mfile_s01/_street_images/42357/280.street_img_view15ab4c69b7e578.jpg?20180330183107
-0.007229218793114328,0.26045194271204347,2,"['Denim', 'shorts', 'pants', 'Denim', '']",//image.musinsa.com/mfile_s01/_street_images/45702/280.street_img_view15b584c221e5da.jpg?20180801140421
-0.40531332490834227,-0.11595509969733471,1,"['down', 'outer', 'black', 'Street', 'hip hop']",//image.musinsa.com/mfile_s01/_street_images/40064/280.street_img_view15a58793b55843.jpg?20180117093309
0.3276486644282906,0.0014127015973466996,2,"['Track', 'pants', 'pants', 'blue', '', 'Street', ['hip', 'hop'], 'hip hop']",//image.musinsa.com/mfile_s01/_street_images/40064/280.street_img_view25a587946cf62c.jpg?20180117093309
-0.38317986070558413,-0.12001268109868869,1,"['black', 'outer', 'black', 'Street', 'hip hop']",//image.musinsa.com/mfile_s01/_street_images/41568/280.street_img_view15aa11ef806a0c.jpg?20180314130726
-0.3672374101373104,0.016542759364527093,1,"['Bra', 'Top', 'Dimecress', 'top', 'grey', 'Street', 'hip hop']",//image.musinsa.com/mfile_s01/_street_images/45030/280.street_img_view15b27190f10e21.jpg?20180618113033
0.7826069575803264,-0.10263029401445196,0,"['Crop', 'Top', 'top', 'black', '']",//image.musinsa.com/mfile_s01/_street_images/42357/280.street_img_view15ab4c69b7e578.jpg?20180330183107
0.04564586792571885,0.1669654314577919,2,"['Denim', 'shorts', 'pants', 'Denim', '']",//image.musinsa.com/mfile_s01/_street_images/45702/280.street_img_view15b584c221e5da.jpg?20180801140421
-0.45185770657960245,-0.06864642856041879,1,"['down', 'outer', 'black', 'Street', 'hip hop']",//image.musinsa.com/mfile_s01/_street_images/40064/280.street_img_view15a58793b55843.jpg?20180117093309
0.2872456223571846,-0.010268863396196351,2,"['Track', 'pants', 'pants', 'blue', '', 'Street', ['hip', 'hop'], 'hip hop']",//image.musinsa.com/mfile_s01/_street_images/40064/280.street_img_view25a587946cf62c.jpg?20180117093309
-0.30789860265570307,-0.10085310336405462,1,"['black', 'outer', 'black', 'Street', 'hip hop']",//image.musinsa.com/mfile_s01/_street_images/41568/280.street_img_view15aa11ef806a0c.jpg?20180314130726
-0.3902705396753703,0.023497146241026563,1,"['Bra', 'Top', 'Dimecress', 'top', 'grey', 'Street', 'hip hop']",//image.musinsa.com/mfile_s01/_street_images/45030/280.street_img_view15b27190f10e21.jpg?20180618113033
0.7503527223480312,-0.06802857650471428,0,"['Crop', 'Top', 'top', 'black', '']",//image.musinsa.com/mfile_s01/_street_images/42357/280.street_img_view15ab4c69b7e578.jpg?20180330183107
0.026706922980854246,0.25622424485264045,2,"['Denim', 'shorts', 'pants', 'Denim', '']",//image.musinsa.com/mfile_s01/_street_images/45702/280.street_img_view15b584c221e5da.jpg?20180801140421
-0.4521325562189284,-0.07022307669540005,1,"['down', 'outer', 'black', 'Street', 'hip hop']",//image.musinsa.com/mfile_s01/_street_images/40064/280.street_img_view15a58793b55843.jpg?20180117093309
0.3481325927840374,0.004281590655088139,2,"['Track', 'pants', 'pants', 'blue', '', 'Street', ['hip', 'hop'], 'hip hop']",//image.musinsa.com/mfile_s01/_street_images/40064/280.street_img_view25a587946cf62c.jpg?20180117093309
-0.3528154281325901,-0.1282646037421265,1,"['black', 'outer', 'black', 'Street', 'hip hop']",//image.musinsa.com/mfile_s01/_street_images/41568/280.street_img_view15aa11ef806a0c.jpg?20180314130726
-0.3688031695404749,0.04628492990446806,1,"['Bra', 'Top', 'Dimecress', 'top', 'grey', 'Street', 'hip hop']",//image.musinsa.com/mfile_s01/_street_images/45030/280.street_img_view15b27190f10e21.jpg?20180618113033
0.8086132512906851,-0.09167329831632429,0,"['Crop', 'Top', 'top', 'black', '']",//image.musinsa.com/mfile_s01/_street_images/42357/280.street_img_view15ab4c69b7e578.jpg?20180330183107
-0.04552074908163653,0.2489752993469741,2,"['Denim', 'shorts', 'pants', 'Denim', '']",//image.musinsa.com/mfile_s01/_street_images/45702/280.street_img_view15b584c221e5da.jpg?20180801140421
-0.3814339950384764,-0.07806273522657763,1,"['down', 'outer', 'black', 'Street', 'hip hop']",//image.musinsa.com/mfile_s01/_street_images/40064/280.street_img_view15a58793b55843.jpg?20180117093309
0.34886712780278795,-0.023329420833458167,2,"['Track', 'pants', 'pants', 'blue', '', 'Street', ['hip', 'hop'], 'hip hop']",//image.musinsa.com/mfile_s01/_street_images/40064/280.street_img_view25a587946cf62c.jpg?20180117093309
-0.27317295506504874,-0.1404952258318735,1,"['black', 'outer', 'black', 'Street', 'hip hop']",//image.musinsa.com/mfile_s01/_street_images/41568/280.street_img_view15aa11ef806a0c.jpg?20180314130726
-0.37613948545784553,0.07070284314723095,1,"['Bra', 'Top', 'Dimecress', 'top', 'grey', 'Street', 'hip hop']",//image.musinsa.com/mfile_s01/_street_images/45030/280.street_img_view15b27190f10e21.jpg?20180618113033
0.8280484457867051,-0.09055522851092504,0,"['Crop', 'Top', 'top', 'black', '']",//image.musinsa.com/mfile_s01/_street_images/42357/280.street_img_view15ab4c69b7e578.jpg?20180330183107
0.014081743093303598,0.2301988835462133,2,"['Denim', 'shorts', 'pants', 'Denim', '']",//image.musinsa.com/mfile_s01/_street_images/45702/280.street_img_view15b584c221e5da.jpg?20180801140421
-0.39354227714360673,-0.07826229231491118,1,"['down', 'outer', 'black', 'Street', 'hip hop']",//image.musinsa.com/mfile_s01/_street_images/40064/280.street_img_view15a58793b55843.jpg?20180117093309
0.34294124101362145,0.06559676112711726,2,"['Track', 'pants', 'pants', 'blue', '', 'Street', ['hip', 'hop'], 'hip hop']",//image.musinsa.com/mfile_s01/_street_images/40064/280.street_img_view25a587946cf62c.jpg?20180117093309
-0.31460400808171085,-0.1318713590209234,1,"['black', 'outer', 'black', 'Street', 'hip hop']",//image.musinsa.com/mfile_s01/_street_images/41568/280.street_img_view15aa11ef806a0c.jpg?20180314130726
-0.3487588424000131,0.03679059376847371,1,"['Bra', 'Top', 'Dimecress', 'top', 'grey', 'Street', 'hip hop']",//image.musinsa.com/mfile_s01/_street_images/45030/280.street_img_view15b27190f10e21.jpg?20180618113033
0.7893302995335645,-0.04690085798209932,0,"['Crop', 'Top', 'top', 'black', '']",//image.musinsa.com/mfile_s01/_street_images/42357/280.street_img_view15ab4c69b7e578.jpg?20180330183107
-0.03684119092144581,0.24670473421159153,2,"['Denim', 'shorts', 'pants', 'Denim', '']",//image.musinsa.com/mfile_s01/_street_images/45702/280.street_img_view15b584c221e5da.jpg?20180801140421
-0.40872607879139855,-0.030466152996696756,1,"['down', 'outer', 'black', 'Street', 'hip hop']",//image.musinsa.com/mfile_s01/_street_images/40064/280.street_img_view15a58793b55843.jpg?20180117093309
0.26194752241704683,0.03927769638787276,2,"['Track', 'pants', 'pants', 'blue', '', 'Street', ['hip', 'hop'], 'hip hop']",//image.musinsa.com/mfile_s01/_street_images/40064/280.street_img_view25a587946cf62c.jpg?20180117093309
-0.36860200044496577,-0.1156336716041285,1,"['black', 'outer', 'black', 'Street', 'hip hop']",//image.musinsa.com/mfile_s01/_street_images/41568/280.street_img_view15aa11ef806a0c.jpg?20180314130726
-0.31159230436477314,0.05845946420280043,1,"['Bra', 'Top', 'Dimecress', 'top', 'grey', 'Street', 'hip hop']",//image.musinsa.com/mfile_s01/_street_images/45030/280.street_img_view15b27190f10e21.jpg?20180618113033
0.7965172675409139,-0.08445801412734733,0,"['Crop', 'Top', 'top', 'black', '']",//image.musinsa.com/mfile_s01/_street_images/42357/280.street_img_view15ab4c69b7e578.jpg?20180330183107
-0.05489501953530429,0.23793855196706007,2,"['Denim', 'shorts', 'pants', 'Denim', '']",//image.musinsa.com/mfile_s01/_street_images/45702/280.street_img_view15b584c221e5da.jpg?20180801140421
-0.36265524521215753,-0.11648409348791285,1,"['down', 'outer', 'black', 'Street', 'hip hop']",//image.musinsa.com/mfile_s01/_street_images/40064/280.street_img_view15a58793b55843.jpg?20180117093309
0.3149472784101647,0.025218126786043776,2,"['Track', 'pants', 'pants', 'blue', '', 'Street', ['hip', 'hop'], 'hip hop']",//image.musinsa.com/mfile_s01/_street_images/40064/280.street_img_view25a587946cf62c.jpg?20180117093309
-0.35482054576830957,-0.12468285651999307,1,"['black', 'outer', 'black', 'Street', 'hip hop']",//image.musinsa.com/mfile_s01/_street_images/41568/280.street_img_view15aa11ef806a0c.jpg?20180314130726
-0.31212157383481465,0.05855423225946057,1,"['Bra', 'Top', 'Dimecress', 'top', 'grey', 'Street', 'hip hop']",//image.musinsa.com/mfile_s01/_street_images/45030/280.street_img_view15b27190f10e21.jpg?20180618113033
0.7444018463852535,-0.19165445288583194,0,"['Crop', 'Top', 'top', 'black', '']",//image.musinsa.com/mfile_s01/_street_images/42357/280.street_img_view15ab4c69b7e578.jpg?20180330183107
-0.0040176432974376045,0.21729359110684296,2,"['Denim', 'shorts', 'pants', 'Denim', '']",//image.musinsa.com/mfile_s01/_street_images/45702/280.street_img_view15b584c221e5da.jpg?20180801140421
-0.4721693294610587,-0.0806033526047195,1,"['down', 'outer', 'black', 'Street', 'hip hop']",//image.musinsa.com/mfile_s01/_street_images/40064/280.street_img_view15a58793b55843.jpg?20180117093309
0.3595573153384765,0.014334812131073836,2,"['Track', 'pants', 'pants', 'blue', '', 'Street', ['hip', 'hop'], 'hip hop']",//image.musinsa.com/mfile_s01/_street_images/40064/280.street_img_view25a587946cf62c.jpg?20180117093309
-0.35091680158727695,-0.050753600819752775,1,"['black', 'outer', 'black', 'Street', 'hip hop']",//image.musinsa.com/mfile_s01/_street_images/41568/280.street_img_view15aa11ef806a0c.jpg?20180314130726
-0.3585281988566874,0.048461252341525096,1,"['Bra', 'Top', 'Dimecress', 'top', 'grey', 'Street', 'hip hop']",//image.musinsa.com/mfile_s01/_street_images/45030/280.street_img_view15b27190f10e21.jpg?20180618113033
0.7668049513560301,-0.13648402347763158,0,"['Crop', 'Top', 'top', 'black', '']",//image.musinsa.com/mfile_s01/_street_images/42357/280.street_img_view15ab4c69b7e578.jpg?20180330183107
0.06760767304543958,0.2844283331788305,2,"['Denim', 'shorts', 'pants', 'Denim', '']",//image.musinsa.com/mfile_s01/_street_images/45702/280.street_img_view15b584c221e5da.jpg?20180801140421
-0.39743218437776545,-0.05605702659206346,1,"['down', 'outer', 'black', 'Street', 'hip hop']",//image.musinsa.com/mfile_s01/_street_images/40064/280.street_img_view15a58793b55843.jpg?20180117093309
0.3289140010005902,0.018572382404851474,2,"['Track', 'pants', 'pants', 'blue', '', 'Street', ['hip', 'hop'], 'hip hop']",//image.musinsa.com/mfile_s01/_street_images/40064/280.street_img_view25a587946cf62c.jpg?20180117093309
-0.3180092567543386,-0.14017376501557943,1,"['black', 'outer', 'black', 'Street', 'hip hop']",//image.musinsa.com/mfile_s01/_street_images/41568/280.street_img_view15aa11ef806a0c.jpg?20180314130726
-0.34254934667418613,0.04516854339528374,1,"['Bra', 'Top', 'Dimecress', 'top', 'grey', 'Street', 'hip hop']",//image.musinsa.com/mfile_s01/_street_images/45030/280.street_img_view15b27190f10e21.jpg?20180618113033
0.7563242994568367,-0.06296767673316826,0,"['Crop', 'Top', 'top', 'black', '']",//image.musinsa.com/mfile_s01/_street_images/42357/280.street_img_view15ab4c69b7e578.jpg?20180330183107
0.054666192938988764,0.2200569791308065,2,"['Denim', 'shorts', 'pants', 'Denim', '']",//image.musinsa.com/mfile_s01/_street_images/45702/280.street_img_view15b584c221e5da.jpg?20180801140421
-0.3693189331324848,-0.08989502883932678,1,"['down', 'outer', 'black', 'Street', 'hip hop']",//image.musinsa.com/mfile_s01/_street_images/40064/280.street_img_view15a58793b55843.jpg?20180117093309
0.2926885312381791,0.02007777037155358,2,"['Track', 'pants', 'pants', 'blue', '', 'Street', ['hip', 'hop'], 'hip hop']",//image.musinsa.com/mfile_s01/_street_images/40064/280.street_img_view25a587946cf62c.jpg?20180117093309
-0.3219027196115093,-0.10175627771742629,1,"['black', 'outer', 'black', 'Street', 'hip hop']",//image.musinsa.com/mfile_s01/_street_images/41568/280.street_img_view15aa11ef806a0c.jpg?20180314130726
-0.35674492500901284,0.039499498955568035,1,"['Bra', 'Top', 'Dimecress', 'top', 'grey', 'Street', 'hip hop']",//image.musinsa.com/mfile_s01/_street_images/45030/280.street_img_view15b27190f10e21.jpg?20180618113033
0.7436452568720474,0.018241833986932476,0,"['Crop', 'Top', 'top', 'black', '']",//image.musinsa.com/mfile_s01/_street_images/42357/280.street_img_view15ab4c69b7e578.jpg?20180330183107
-0.007318442966153721,0.26781390220101764,2,"['Denim', 'shorts', 'pants', 'Denim', '']",//image.musinsa.com/mfile_s01/_street_images/45702/280.street_img_view15b584c221e5da.jpg?20180801140421
-0.4631096086703855,-0.0683579014851917,1,"['down', 'outer', 'black', 'Street', 'hip hop']",//image.musinsa.com/mfile_s01/_street_images/40064/280.street_img_view15a58793b55843.jpg?20180117093309
0.3390805980935468,0.009725794596309557,2,"['Track', 'pants', 'pants', 'blue', '', 'Street', ['hip', 'hop'], 'hip hop']",//image.musinsa.com/mfile_s01/_street_images/40064/280.street_img_view25a587946cf62c.jpg?20180117093309
-0.29300211145543514,-0.12887212411344987,1,"['black', 'outer', 'black', 'Street', 'hip hop']",//image.musinsa.com/mfile_s01/_street_images/41568/280.street_img_view15aa11ef806a0c.jpg?20180314130726
-0.37934084072437674,0.01887032603481769,1,"['Bra', 'Top', 'Dimecress', 'top', 'grey', 'Street', 'hip hop']",//image.musinsa.com/mfile_s01/_street_images/45030/280.street_img_view15b27190f10e21.jpg?20180618113033
0.7623471690751994,-0.09600795694825823,0,"['Crop', 'Top', 'top', 'black', '']",//image.musinsa.com/mfile_s01/_street_images/42357/280.street_img_view15ab4c69b7e578.jpg?20180330183107
0.040781977766793084,0.24078514578733096,2,"['Denim', 'shorts', 'pants', 'Denim', '']",//image.musinsa.com/mfile_s01/_street_images/45702/280.street_img_view15b584c221e5da.jpg?20180801140421
-0.4436944114782693,-0.06926810671921606,1,"['down', 'outer', 'black', 'Street', 'hip hop']",//image.musinsa.com/mfile_s01/_street_images/40064/280.street_img_view15a58793b55843.jpg?20180117093309
0.33694600543492187,0.04766594472759111,2,"['Track', 'pants', 'pants', 'blue', '', 'Street', ['hip', 'hop'], 'hip hop']",//image.musinsa.com/mfile_s01/_street_images/40064/280.street_img_view25a587946cf62c.jpg?20180117093309
-0.34505607787994774,-0.07869429219054863,1,"['black', 'outer', 'black', 'Street', 'hip hop']",//image.musinsa.com/mfile_s01/_street_images/41568/280.street_img_view15aa11ef806a0c.jpg?20180314130726
-0.34885861838152404,0.09435859763880916,1,"['Bra', 'Top', 'Dimecress', 'top', 'grey', 'Street', 'hip hop']",//image.musinsa.com/mfile_s01/_street_images/45030/280.street_img_view15b27190f10e21.jpg?20180618113033
0.8065009478829148,-0.0880289700982839,0,"['Crop', 'Top', 'top', 'black', '']",//image.musinsa.com/mfile_s01/_street_images/42357/280.street_img_view15ab4c69b7e578.jpg?20180330183107
0.007127428674553492,0.2110562397724546,2,"['Denim', 'shorts', 'pants', 'Denim', '']",//image.musinsa.com/mfile_s01/_street_images/45702/280.street_img_view15b584c221e5da.jpg?20180801140421
-0.4179355761540162,-0.06674276433822128,1,"['down', 'outer', 'black', 'Street', 'hip hop']",//image.musinsa.com/mfile_s01/_street_images/40064/280.street_img_view15a58793b55843.jpg?20180117093309
0.3202530335739558,-0.004905797208413296,2,"['Track', 'pants', 'pants', 'blue', '', 'Street', ['hip', 'hop'], 'hip hop']",//image.musinsa.com/mfile_s01/_street_images/40064/280.street_img_view25a587946cf62c.jpg?20180117093309
-0.32824183331812185,-0.11070017160735464,1,"['black', 'outer', 'black', 'Street', 'hip hop']",//image.musinsa.com/mfile_s01/_street_images/41568/280.street_img_view15aa11ef806a0c.jpg?20180314130726
-0.363820594241925,0.018235964361137193,1,"['Bra', 'Top', 'Dimecress', 'top', 'grey', 'Street', 'hip hop']",//image.musinsa.com/mfile_s01/_street_images/45030/280.street_img_view15b27190f10e21.jpg?20180618113033
0.7436314748376688,-0.10087983847779136,0,"['Crop', 'Top', 'top', 'black', '']",//image.musinsa.com/mfile_s01/_street_images/42357/280.street_img_view15ab4c69b7e578.jpg?20180330183107
0.0016403306661429385,0.16600313116690474,2,"['Denim', 'shorts', 'pants', 'Denim', '']",//image.musinsa.com/mfile_s01/_street_images/45702/280.street_img_view15b584c221e5da.jpg?20180801140421
-0.4242565654772307,-0.0930853662807773,1,"['down', 'outer', 'black', 'Street', 'hip hop']",//image.musinsa.com/mfile_s01/_street_images/40064/280.street_img_view15a58793b55843.jpg?20180117093309
0.3418350399953907,0.031809233233446435,2,"['Track', 'pants', 'pants', 'blue', '', 'Street', ['hip', 'hop'], 'hip hop']",//image.musinsa.com/mfile_s01/_street_images/40064/280.street_img_view25a587946cf62c.jpg?20180117093309
-0.33790925644214515,-0.16204645095024894,1,"['black', 'outer', 'black', 'Street', 'hip hop']",//image.musinsa.com/mfile_s01/_street_images/41568/280.street_img_view15aa11ef806a0c.jpg?20180314130726
-0.3691108050065997,0.06377697366800467,1,"['Bra', 'Top', 'Dimecress', 'top', 'grey', 'Street', 'hip hop']",//image.musinsa.com/mfile_s01/_street_images/45030/280.street_img_view15b27190f10e21.jpg?20180618113033
0.7842567643744499,-0.0939360303547654,0,"['Crop', 'Top', 'top', 'black', '']",//image.musinsa.com/mfile_s01/_street_images/42357/280.street_img_view15ab4c69b7e578.jpg?20180330183107
0.02238669244140513,0.2676376629875721,2,"['Denim', 'shorts', 'pants', 'Denim', '']",//image.musinsa.com/mfile_s01/_street_images/45702/280.street_img_view15b584c221e5da.jpg?20180801140421
-0.44097072192697295,-0.07224730909397066,1,"['down', 'outer', 'black', 'Street', 'hip hop']",//image.musinsa.com/mfile_s01/_street_images/40064/280.street_img_view15a58793b55843.jpg?20180117093309
0.30481206269947175,-0.03541330815522196,2,"['Track', 'pants', 'pants', 'blue', '', 'Street', ['hip', 'hop'], 'hip hop']",//image.musinsa.com/mfile_s01/_street_images/40064/280.street_img_view25a587946cf62c.jpg?20180117093309
-0.3561182629351933,-0.1400846648935698,1,"['black', 'outer', 'black', 'Street', 'hip hop']",//image.musinsa.com/mfile_s01/_street_images/41568/280.street_img_view15aa11ef806a0c.jpg?20180314130726
-0.3484462760706773,0.07080204344247795,1,"['Bra', 'Top', 'Dimecress', 'top', 'grey', 'Street', 'hip hop']",//image.musinsa.com/mfile_s01/_street_images/45030/280.street_img_view15b27190f10e21.jpg?20180618113033
0.7955045293323768,-0.027010278431727378,0,"['Crop', 'Top', 'top', 'black', '']",//image.musinsa.com/mfile_s01/_street_images/42357/280.street_img_view15ab4c69b7e578.jpg?20180330183107
-0.029648994114666462,0.24247632112314602,2,"['Denim', 'shorts', 'pants', 'Denim', '']",//image.musinsa.com/mfile_s01/_street_images/45702/280.street_img_view15b584c221e5da.jpg?20180801140421
-0.41497446149665884,-0.0458940238531422,1,"['down', 'outer', 'black', 'Street', 'hip hop']",//image.musinsa.com/mfile_s01/_street_images/40064/280.street_img_view15a58793b55843.jpg?20180117093309
0.3226402878466671,0.010942669062355284,2,"['Track', 'pants', 'pants', 'blue', '', 'Street', ['hip', 'hop'], 'hip hop']",//image.musinsa.com/mfile_s01/_street_images/40064/280.street_img_view25a587946cf62c.jpg?20180117093309
-0.32962146977449036,-0.07530446944603245,1,"['black', 'outer', 'black', 'Street', 'hip hop']",//image.musinsa.com/mfile_s01/_street_images/41568/280.street_img_view15aa11ef806a0c.jpg?20180314130726
-0.34388078562651686,0.02625362460536805,1,"['Bra', 'Top', 'Dimecress', 'top', 'grey', 'Street', 'hip hop']",//image.musinsa.com/mfile_s01/_street_images/45030/280.street_img_view15b27190f10e21.jpg?20180618113033
0.7587573457139676,-0.06174189796473605,0,"['Crop', 'Top', 'top', 'black', '']",//image.musinsa.com/mfile_s01/_street_images/42357/280.street_img_view15ab4c69b7e578.jpg?20180330183107
-0.01586340365621331,0.2596979959526868,2,"['Denim', 'shorts', 'pants', 'Denim', '']",//image.musinsa.com/mfile_s01/_street_images/45702/280.street_img_view15b584c221e5da.jpg?20180801140421
-0.4924213354329232,-0.11982500980206025,1,"['down', 'outer', 'black', 'Street', 'hip hop']",//image.musinsa.com/mfile_s01/_street_images/40064/280.street_img_view15a58793b55843.jpg?20180117093309
0.33990183407623165,0.01483933291167949,2,"['Track', 'pants', 'pants', 'blue', '', 'Street', ['hip', 'hop'], 'hip hop']",//image.musinsa.com/mfile_s01/_street_images/40064/280.street_img_view25a587946cf62c.jpg?20180117093309
-0.368881548094406,-0.08698265813781096,1,"['black', 'outer', 'black', 'Street', 'hip hop']",//image.musinsa.com/mfile_s01/_street_images/41568/280.street_img_view15aa11ef806a0c.jpg?20180314130726
-0.37449487727700737,0.03829073794108259,1,"['Bra', 'Top', 'Dimecress', 'top', 'grey', 'Street', 'hip hop']",//image.musinsa.com/mfile_s01/_street_images/45030/280.street_img_view15b27190f10e21.jpg?20180618113033
0.7879262514966908,-0.04122658629054198,0,"['Crop', 'Top', 'top', 'black', '']",//image.musinsa.com/mfile_s01/_street_images/42357/280.street_img_view15ab4c69b7e578.jpg?20180330183107
-0.01638712050037731,0.26159921784983375,2,"['Denim', 'shorts', 'pants', 'Denim', '']",//image.musinsa.com/mfile_s01/_street_images/45702/280.street_img_view15b584c221e5da.jpg?20180801140421
-0.42441209435566757,-0.11356712134388194,1,"['down', 'outer', 'black', 'Street', 'hip hop']",//image.musinsa.com/mfile_s01/_street_images/40064/280.street_img_view15a58793b55843.jpg?20180117093309
0.3384313779478757,-0.0003904431564096062,2,"['Track', 'pants', 'pants', 'blue', '', 'Street', ['hip', 'hop'], 'hip hop']",//image.musinsa.com/mfile_s01/_street_images/40064/280.street_img_view25a587946cf62c.jpg?20180117093309
-0.35831143655352915,-0.12238090255676623,1,"['black', 'outer', 'black', 'Street', 'hip hop']",//image.musinsa.com/mfile_s01/_street_images/41568/280.street_img_view15aa11ef806a0c.jpg?20180314130726
-0.3338683613074916,0.04188578290064005,1,"['Bra', 'Top', 'Dimecress', 'top', 'grey', 'Street', 'hip hop']",//image.musinsa.com/mfile_s01/_street_images/45030/280.street_img_view15b27190f10e21.jpg?20180618113033
